{"cameraMode":{"drawMode":0,"name":"Shaded","section":"Shading Mode"},"sceneLighting":false,"audioPlay":false,"sceneViewState":{"showFog":false,"showMaterialUpdate":false,"showSkybox":false,"showFlares":false,"showImageEffects":false,"showParticleSystems":false},"in2DMode":false,"pivot":{"x":71.24790954589844,"y":-12.461273193359375,"z":65.45459747314453},"rotation":{"x":0.3353116512298584,"y":-0.4087565243244171,"z":0.16459807753562928,"w":0.8327140212059021},"size":128.08824157714845,"orthographic":false}