{"cameraMode":{"drawMode":0,"name":"Shaded","section":"Shading Mode"},"sceneLighting":false,"audioPlay":false,"sceneViewState":{"showFog":false,"showMaterialUpdate":false,"showSkybox":false,"showFlares":false,"showImageEffects":false,"showParticleSystems":false},"in2DMode":false,"pivot":{"x":-5.471617221832275,"y":-0.6244425773620606,"z":58.4462890625},"rotation":{"x":0.0977136567234993,"y":-0.8188926577568054,"z":0.14647628366947175,"w":0.5462750792503357},"size":4.630277156829834,"orthographic":false}