{"cameraMode":{"drawMode":0,"name":"Shaded","section":"Shading Mode"},"sceneLighting":false,"audioPlay":false,"sceneViewState":{"showFog":false,"showMaterialUpdate":false,"showSkybox":false,"showFlares":false,"showImageEffects":false,"showParticleSystems":false},"in2DMode":false,"pivot":{"x":72.91648864746094,"y":46.839759826660159,"z":-109.44338989257813},"rotation":{"x":0.3832440674304962,"y":-0.33376410603523257,"z":0.15085522830486298,"w":0.8479207158088684},"size":68.43046569824219,"orthographic":false}