{"cameraMode":{"drawMode":0,"name":"Shaded","section":"Shading Mode"},"sceneLighting":false,"audioPlay":false,"sceneViewState":{"showFog":false,"showMaterialUpdate":false,"showSkybox":false,"showFlares":false,"showImageEffects":false,"showParticleSystems":false},"in2DMode":false,"pivot":{"x":546.1061401367188,"y":16.548583984375,"z":502.6808166503906},"rotation":{"x":0.028321828693151475,"y":0.9581931829452515,"z":-0.26611223816871645,"w":0.10183485597372055},"size":219.91737365722657,"orthographic":false}