{"cameraMode":{"drawMode":0,"name":"Shaded","section":"Shading Mode"},"sceneLighting":false,"audioPlay":false,"sceneViewState":{"showFog":false,"showMaterialUpdate":false,"showSkybox":false,"showFlares":false,"showImageEffects":false,"showParticleSystems":false},"in2DMode":false,"pivot":{"x":650.6351928710938,"y":-84.74705505371094,"z":566.8760986328125},"rotation":{"x":-0.24285098910331727,"y":-0.5786260962486267,"z":0.18544816970825196,"w":-0.7563063502311707},"size":478.367919921875,"orthographic":false}