{"cameraMode":{"drawMode":0,"name":"Shaded","section":"Shading Mode"},"sceneLighting":false,"audioPlay":false,"sceneViewState":{"showFog":false,"showMaterialUpdate":false,"showSkybox":false,"showFlares":false,"showImageEffects":false,"showParticleSystems":false},"in2DMode":false,"pivot":{"x":-1.2742910385131837,"y":-0.060678958892822269,"z":63.84625244140625},"rotation":{"x":0.23854058980941773,"y":-0.2346419394016266,"z":0.059514038264751437,"w":0.9404814839363098},"size":2.788501024246216,"orthographic":false}