{"cameraMode":{"drawMode":0,"name":"Shaded","section":"Shading Mode"},"sceneLighting":false,"audioPlay":false,"sceneViewState":{"showFog":false,"showMaterialUpdate":false,"showSkybox":false,"showFlares":false,"showImageEffects":false,"showParticleSystems":false},"in2DMode":false,"pivot":{"x":-0.21927642822265626,"y":23.190719604492189,"z":-27.956554412841798},"rotation":{"x":-0.5667029619216919,"y":0.2209007889032364,"z":-0.16106249392032624,"w":-0.777247428894043},"size":89.31428527832031,"orthographic":false}