{"cameraMode":{"drawMode":0,"name":"Shaded","section":"Shading Mode"},"sceneLighting":false,"audioPlay":false,"sceneViewState":{"showFog":false,"showMaterialUpdate":false,"showSkybox":false,"showFlares":false,"showImageEffects":false,"showParticleSystems":false},"in2DMode":false,"pivot":{"x":426.220947265625,"y":56.06297302246094,"z":-75.97030639648438},"rotation":{"x":0.02807091549038887,"y":0.9536841511726379,"z":-0.09414546191692352,"w":0.2843795120716095},"size":136.99961853027345,"orthographic":false}