{"cameraMode":{"drawMode":0,"name":"Shaded","section":"Shading Mode"},"sceneLighting":false,"audioPlay":false,"sceneViewState":{"showFog":false,"showMaterialUpdate":false,"showSkybox":false,"showFlares":false,"showImageEffects":false,"showParticleSystems":false},"in2DMode":false,"pivot":{"x":759.4114379882813,"y":-343.24615478515627,"z":219.09710693359376},"rotation":{"x":0.0484607107937336,"y":0.9139404892921448,"z":-0.38629838824272158,"w":0.11465217173099518},"size":914.6625366210938,"orthographic":false}