{"cameraMode":{"drawMode":0,"name":"Shaded","section":"Shading Mode"},"sceneLighting":false,"audioPlay":false,"sceneViewState":{"showFog":false,"showMaterialUpdate":false,"showSkybox":false,"showFlares":false,"showImageEffects":false,"showParticleSystems":false},"in2DMode":false,"pivot":{"x":-0.247261643409729,"y":0.7168430089950562,"z":0.17704834043979646},"rotation":{"x":0.3200170695781708,"y":0.5328758955001831,"z":-0.22749902307987214,"w":0.7495880722999573},"size":1.4056262969970704,"orthographic":false}